{
    "simulation_name": "",
    "timestamp": "2025-01-05T17:36:41.732099",
    "configuration": {
        "grid_dimensions": {
            "width": 20,
            "height": 20
        },
        "initial_setup": {
            "number_of_agents": 20,
            "number_of_exits": 10,
            "number_of_obstacles": 0
        }
    },
    "results": {
        "total_steps": 9,
        "density_metrics": {
            "max_density_across_episodes": [
                0.7899934167215275,
                1.2321909896033887,
                1.855287569573284,
                2.226345083487941,
                2.0408163265306127,
                1.298701298701299,
                0.927643784786642,
                0.5565862708719852,
                0
            ]
        },
        "agent_infos": {
            "steps_needed_per_agent": {
                "14": 0,
                "1": 1,
                "0": 2,
                "2": 2,
                "7": 3,
                "18": 3,
                "11": 4,
                "19": 4,
                "6": 4,
                "4": 5,
                "13": 5,
                "5": 5,
                "16": 5,
                "9": 5,
                "17": 6,
                "15": 6,
                "12": 7,
                "8": 7,
                "10": 8,
                "3": 8
            },
            "personalities": {
                "0": {
                    "O": 0.6384222183013419,
                    "C": 0.7373479275028154,
                    "E": 0.8906988721735619,
                    "A": 0.21863810774250828,
                    "N": 0.023857375512290783
                },
                "1": {
                    "O": 0.2201172141457202,
                    "C": 0.8146108818063464,
                    "E": 0.3333494104878351,
                    "A": 0.9576153010820885,
                    "N": 0.8476011883769422
                },
                "2": {
                    "O": 0.8015973909796964,
                    "C": 0.3784686332867439,
                    "E": 0.8298807773745706,
                    "A": 0.6963026410496117,
                    "N": 0.22903101144981625
                },
                "3": {
                    "O": 0.10169134294310435,
                    "C": 0.6353409850610637,
                    "E": 0.2707860292943396,
                    "A": 0.6484014730082831,
                    "N": 0.1642289293060238
                },
                "4": {
                    "O": 0.98840775466025,
                    "C": 0.8412306627031972,
                    "E": 0.2262843659639842,
                    "A": 0.21666101054737494,
                    "N": 0.8755958449433418
                },
                "5": {
                    "O": 0.9144912694124354,
                    "C": 0.26302238241586406,
                    "E": 0.5827269820629373,
                    "A": 0.40316148106239524,
                    "N": 0.09075790779606548
                },
                "6": {
                    "O": 0.10982694882702042,
                    "C": 0.06296101148305012,
                    "E": 0.9961876016964964,
                    "A": 0.010781670696170441,
                    "N": 0.6817021118520581
                },
                "7": {
                    "O": 0.11179445542973532,
                    "C": 0.4583027939455184,
                    "E": 0.4983145960332851,
                    "A": 0.9102786077079864,
                    "N": 0.6155351345998885
                },
                "8": {
                    "O": 0.7625244429207909,
                    "C": -0.0009242117660318739,
                    "E": 0.029535079487456678,
                    "A": 0.29732624202447144,
                    "N": 0.8859251975313677
                },
                "9": {
                    "O": 0.07081895502992172,
                    "C": 0.7589398388460992,
                    "E": 0.26614088423418053,
                    "A": 0.4179250726636499,
                    "N": 0.2005902855112687
                },
                "10": {
                    "O": 0.9941454704789396,
                    "C": 0.122392243640323,
                    "E": 0.33811298015093494,
                    "A": 0.07147422902439612,
                    "N": 0.23054403759632547
                },
                "11": {
                    "O": 0.23766660190379588,
                    "C": 0.22070306360198566,
                    "E": 0.47100919585478196,
                    "A": 0.8108366043138217,
                    "N": 0.42360504910266567
                },
                "12": {
                    "O": 0.7296203910541113,
                    "C": 0.4025745778297371,
                    "E": 0.8626842045347458,
                    "A": 0.423872882688885,
                    "N": 0.2364609041421756
                },
                "13": {
                    "O": 0.55594239590229,
                    "C": 1.0094038733267032,
                    "E": 0.8467264378862187,
                    "A": 0.4847149621390046,
                    "N": 0.3808807895479536
                },
                "14": {
                    "O": 0.2619522570609545,
                    "C": 0.9601896820023657,
                    "E": 0.5566698724261117,
                    "A": 0.9688832412961943,
                    "N": 0.5452457463069897
                },
                "15": {
                    "O": 0.5051677311755887,
                    "C": 0.16220295726483894,
                    "E": 0.595414922748665,
                    "A": 0.2385570390449814,
                    "N": 0.5942465374522137
                },
                "16": {
                    "O": 0.4185773793258315,
                    "C": 0.20363611756136413,
                    "E": 0.23851261583489317,
                    "A": 0.31428832408198615,
                    "N": 0.07277491421052194
                },
                "17": {
                    "O": 0.07315427859407887,
                    "C": 0.27651282854519915,
                    "E": 0.3629698419826208,
                    "A": 0.8300071732118325,
                    "N": 0.6355045296828185
                },
                "18": {
                    "O": 0.8151331670548823,
                    "C": 0.12232317573976366,
                    "E": 0.10701436768155873,
                    "A": 0.7223537359033261,
                    "N": 0.6294123857214642
                },
                "19": {
                    "O": 0.8471430973290219,
                    "C": 0.4270007042948846,
                    "E": 0.6372000868846451,
                    "A": 0.7412175261677628,
                    "N": 0.07560305015589668
                }
            }
        }
    }
}